Speed [m/s],Weave Real Part [1/s],Weave Imaginary part [1/s]
1.66,-3.73303,11.03922
2.22,-1.83437,10.90979
2.78,-1.08183,10.84567
3.33,-0.78383,10.49930
3.89,-0.59061,9.07418
4.44,-0.53405,6.87337
5.00,-0.02263,4.16736
